Gradiente;total_vinculos_ativos;percentual (%)
0;38269940;66.21022313399205
Gradiente 1;6539287;11.313517904841591
Gradiente 2;4410540;7.630606098190832
Gradiente 3;2312261;4.000406500611905
Gradiente 4;6268623;10.845246362363635
